employer,canonical_company,JW,existing_new,network_advantage,career_site,ATS_family,tenant,inventory_URL,public_API_feed,verification_level,collector,coverage_alias,location_filter_supported,pagination,total_count_available,full_inventory_possible,smoke_coverage,inventory_count,target_city_jobs,limitations
Aurora Growth Capital,Aurora Growth Capital,JW1,new,HIGH,https://www.auroragrowthcapital.it/,Custom official site; recruiting backend unresolved,,https://www.auroragrowthcapital.it/,,PARTIAL,probe_official_inventory,,False,"No supported, independently reconciled full-inventory pagination contract verified.",False,False,PARTIAL,,0,No public careers page or vacancy inventory found in official navigation. LUISS links Renaissance Alternatives; do not confuse Aurora with Aurora Energy Research. Corporate-site probe only; no jobs or absence certification.
B4 Investimenti SGR,B4 Investimenti SGR,JW1,new,HIGH,https://b4investimenti.it/contatti/,Custom official site; recruiting backend unresolved,,https://b4investimenti.it/contatti/,,PARTIAL,probe_official_inventory,,False,"No supported, independently reconciled full-inventory pagination contract verified.",False,False,PARTIAL,,0,Official navigation and page sitemap expose contacts but no public careers/positions inventory. Contact-page probe only; no vacancies or absence can be certified.
BancoPosta Fondi SGR,Poste Italiane,JW1,new,HIGH,https://www.posteitaliane.it/it/carriere/lavora-con-noi,Custom official careers / Oracle Recruiting Cloud backend,CX_3001,https://www.posteitaliane.it/it/carriere/lavora-con-noi,,PARTIAL,probe_official_inventory,BancoPosta Fondi SGR → Poste Italiane,False,"No supported, independently reconciled full-inventory pagination contract verified.",False,False,PARTIAL,,0,Corporate careers links carriere.posteitaliane.it/it/sites/CX_3001/jobs; requests TLS certificate validation fails on that board. Use reachable official entry point; no verified public API or BancoPosta-only filter. Group scope includes BancoPosta; do not label every group vacancy BancoPosta. LUISS directs BancoPosta to Poste Italiane; official group careers uses CX_3001. Keep one Poste group source; no independently verified BancoPosta-only feed/filter.
Blue Ocean Finance,Blue Ocean Finance,JW1,new,HIGH,https://www.blueoceanfinance.it/careers/,Custom official careers / application form,,https://www.blueoceanfinance.it/careers/,,PARTIAL,probe_official_inventory,,False,"No supported, independently reconciled full-inventory pagination contract verified.",False,False,PARTIAL,,0,"Current careers page exposes a direct CV form, with no reconcilable inventory/count. A historic Talent Program mentions blueoceanfinancespa1.recruitee.com; that historical mailbox does not prove a current public board and is not used as inventory."
BU Bregal Unternehmerkapital,BU Bregal Unternehmerkapital,JW1,new,HIGH,https://www.bu-partners.com/careers/,Custom official careers,,https://www.bu-partners.com/careers/,,PARTIAL,probe_official_inventory,,False,"No supported, independently reconciled full-inventory pagination contract verified.",False,False,PARTIAL,,0,Rendered official career pages include Private Equity Intern and speculative application. No independently reconciled total/public feed; portfolio-company careers must not be treated as BU vacancies.
Clessidra Group,Clessidra Group,JW1,new,HIGH,https://www.clessidragroup.it/lavora-con-noi/,Custom official careers / speculative CV form,,https://www.clessidragroup.it/lavora-con-noi/,,PARTIAL,probe_official_inventory,,False,"No supported, independently reconciled full-inventory pagination contract verified.",False,False,PARTIAL,,0,Official speculative-application form only; no public counted job inventory. Clessidra portfolio companies are not separate group vacancies.
COIMA,COIMA,JW1,new,HIGH,https://coima.com/it/persone/lavora-con-noi/,Custom official careers / embedded Allibo,,https://coima.com/it/persone/lavora-con-noi/,,PARTIAL,probe_official_inventory,,False,"No supported, independently reconciled full-inventory pagination contract verified.",False,False,PARTIAL,,0,"Group entry links separate COIMA SGR and REM careers, both with observed Allibo widget connectors. Their DM/SG/FT parameters differ; no supported enumerator for both widgets. Keep one group entry, never assume a single verified tenant or duplicate collectors."
Columbus Capital,Columbus Capital,JW1,new,HIGH,https://www.columbuscapital.eu/,Custom official site; recruiting backend unresolved,,https://www.columbuscapital.eu/,,PARTIAL,probe_official_inventory,,False,"No supported, independently reconciled full-inventory pagination contract verified.",False,False,PARTIAL,,0,"Official one-page investment/search-fund site provides contacts, not a public careers inventory. No structured ATS/feed verified. Do not confuse with overseas namesakes."
Fitex Capital,Fitex Capital,JW1,new,HIGH,https://www.fitex-capital.com/,Custom official site; recruiting backend unresolved,,https://www.fitex-capital.com/,,PARTIAL,probe_official_inventory,,False,"No supported, independently reconciled full-inventory pagination contract verified.",False,False,PARTIAL,,0,"Official search-fund website has contact information but no careers/vacancy inventory. Site probe only; no count, pagination or reliable location metadata."
Generali Asset Management SGR,Generali,JW1,existing,HIGH,https://www.generali.it/lavora-con-noi,Go Generali custom global career platform,,https://gogenerali.com/home/jobs,,PARTIAL,probe_official_inventory,Generali Asset Management SGR → Generali,True,dynamic search/filtering; exact paging contract not mapped,True,False,PARTIAL,,0,"Global inventory count is visible, but the backend/pagination contract was not independently resolved enough to guarantee complete automated enumeration. 2026-10-06: current choose(row) uses the official-site probe; automated full enumeration is not certified even when the manual portal shows a count or search filters. Generali Investments official careers directly links https://gogenerali.com/home/jobs, already mapped under Generali. Shared group probe is PARTIAL; no standalone GAM collector or subsidiary-absence claim."
Groupe HLD,Groupe HLD,JW1,new,HIGH,https://groupehld.com/,Custom official site; recruiting backend unresolved,,https://groupehld.com/,,PARTIAL,probe_official_inventory,,False,"No supported, independently reconciled full-inventory pagination contract verified.",False,False,PARTIAL,,0,"Official navigation and sitemap do not expose a recruitment inventory; contact@groupehld.com is a contact channel, not a vacancy feed. Portfolio businesses must not be collected as HLD employees."
Gruppo CDP,Gruppo CDP,JW1,new,HIGH,https://www.cdp.it/it/lavora_con_noi.page,SAP SuccessFactors Recruiting Marketing,,https://www.opportunitadilavoro.cdp.it/search/,,FULL,collect_successfactors,,False,Follow official jobs2web pages and reconcile unique vacancies against reported total.,True,True,VERIFIED,13,13,Corporate careers links Junior/Specialisti categories on www.opportunitadilavoro.cdp.it. Legacy cassadepos spontaneous-application portal is separate; no guessed API or tenant. Smoke reconciled 13/13 public vacancies.
Heritage Holdings,Heritage Holdings,JW1,new,HIGH,https://job-boards.eu.greenhouse.io/heritageholdings,Greenhouse,heritageholdings,https://job-boards.greenhouse.io/heritageholdings,https://boards-api.greenhouse.io/v1/boards/heritageholdings/jobs,FULL,collect_greenhouse,,True,Enumerate all pages against reported total; reconcile unique requisitions before declaring VERIFIED.,True,True,VERIFIED,16,14,Employer-branded official EU Greenhouse board and job details identify Milan employer. Verified public board API returns 16 jobs. Do not use heritageholdings.bamboohr.com: it belongs to a Cayman namesake.
KYIP Capital SGR,KYIP Capital SGR,JW1,new,HIGH,https://kyipcapital.com/contact,Custom official site; recruiting backend unresolved,,https://kyipcapital.com/contact,,PARTIAL,probe_official_inventory,,False,"No supported, independently reconciled full-inventory pagination contract verified.",False,False,PARTIAL,,0,Official navigation and sitemap expose a contact page but no careers/vacancy inventory. No ATS/API tenant verified; portfolio education companies are not KYIP vacancies.
Marktlink,Marktlink,JW1,new,HIGH,https://www.marktlink.com/nl/over-ons/careers,Custom official careers,,https://careers.marktlink.com/vacancies,,PARTIAL,collect_rendered,,True,"No supported, independently reconciled full-inventory pagination contract verified.",True,False,PARTIAL,25,0,Official group careers links counted branded vacancy list and /apply?vacancy_id=... details. No backend/feed contract verified; separate Marktlink Capital Recruitee board and indexed Personio jobs are not assumed equivalent. Existing M&A exclusions still apply. 2026-10-06: supported rendered collector extracts observed vacancies; PARTIAL cannot certify absence. No job location inferred from descriptions or corporate footer addresses.
Mindful Capital Partners,Mindful Capital Partners,JW1,new,HIGH,https://mcpinvest.com/it/contatti/,Custom official site; recruiting backend unresolved,,https://mcpinvest.com/it/contatti/,,PARTIAL,probe_official_inventory,,False,"No supported, independently reconciled full-inventory pagination contract verified.",False,False,PARTIAL,,0,Official navigation and page sitemap expose contacts but no career inventory. Contact page probe only; no count/location/absence guarantee.
Obloo Ventures,Obloo Ventures,JW1,new,HIGH,https://obloo.com/contact-us/,Custom official site; recruiting backend unresolved,,https://obloo.com/contact-us/,,PARTIAL,probe_official_inventory,,False,"No supported, independently reconciled full-inventory pagination contract verified.",False,False,PARTIAL,,0,"obloo.vc redirects to obloo.com. Official contact page exists but no public careers inventory. ClickUp Send your pitch is for startup fundraising, not a recruitment ATS; do not collect it."
Prelios,Prelios,JW1,new,HIGH,https://prelios.com/it/carriere/lavora-con-noi,Access PeopleHR / custom official careers,prelios,https://prelios.com/it/carriere/lavora-con-noi,,PARTIAL,collect_rendered,,False,"No supported, independently reconciled full-inventory pagination contract verified.",False,False,PARTIAL,12,12,"Rendered vacancies link prelios.peoplehr.net/Pages/JobBoard/Job.aspx?v=<UUID>. No supported counted PeopleHR enumerator or public API contract verified; retain official listing as PARTIAL. 2026-10-06: supported rendered collector extracts observed vacancies; PARTIAL cannot certify absence. No job location inferred from descriptions or corporate footer addresses. Representative PeopleHR detail is HTTP 200 but JS-rendered; title is available on official corporate vacancy card, not in the fetched detail HTML. JD retrieval/semantic review may need separate recovery."
PTS,PTS,JW2,new,HIGH,https://pts-spa.com/carriere/,Custom official careers,,https://pts-spa.com/carriere/,,PARTIAL,probe_official_inventory,,False,"No supported, independently reconciled full-inventory pagination contract verified.",False,False,PARTIAL,,0,"Multisector economic/management consulting (not a fund manager), so JW2. Rendered career content has application forms but no reconcilable public inventory feed/count."
Red Fish Capital Partners,Red Fish Capital Partners,JW1,new,HIGH,https://redfish.capital/contatti/,Custom official site; recruiting backend unresolved,,https://redfish.capital/contatti/,,PARTIAL,probe_official_inventory,,False,"No supported, independently reconciled full-inventory pagination contract verified.",False,False,PARTIAL,,0,Official investment platform navigation exposes contacts but no public job inventory. Portfolio-company careers are not Red Fish vacancies; no structured ATS verified.
Tages Capital,Tages Capital,JW1,new,HIGH,https://21tages.eu/en/contact/,Custom official site; recruiting backend unresolved,,https://21tages.eu/en/contact/,,PARTIAL,probe_official_inventory,,False,"No supported, independently reconciled full-inventory pagination contract verified.",False,False,PARTIAL,,0,LUISS tagescapitalsgr.com link redirects to 21tages.eu. Navigation provides contact but no recruitment inventory; no tenant/feed verified. Preserve canonical Tages Capital label for event continuity.
Tikehau Capital,Tikehau Capital,JW1,new,HIGH,https://www.tikehaucapital.com/en/careers,TalentView,tikehau-capital-career,https://tikehau-capital-career.talentview.io/en?source=site_entreprise&coopt=on,,PARTIAL,probe_official_inventory,,False,"No supported, independently reconciled full-inventory pagination contract verified.",False,False,PARTIAL,,0,"Official Join us link reaches TalentView branded board. No supported TalentView enumerator, independently reconciled pagination/count, or unauthenticated feed verified. Location UI/labels are not a certified automated target-city filter; official probe collects no normalized jobs. PARTIAL never proves absence in Milan/Rome/London."
Visconti Capital,Visconti Capital,JW1,new,HIGH,https://www.visconticapital.com/,Custom official site; recruiting backend unresolved,,https://www.visconticapital.com/,,PARTIAL,probe_official_inventory,,False,"No supported, independently reconciled full-inventory pagination contract verified.",False,False,PARTIAL,,0,Official investment/search-fund site and sitemap expose no careers inventory. Corporate-site probe only; no ATS/feed/complete vacancy count verified.
AB InBev Italia,AB InBev Italia,JW4,new,HIGH,https://europecareers.ab-inbev.com/?country=gb&pg=job-search,Workday,abinbev,https://abinbev.wd1.myworkdayjobs.com/EUR,https://abinbev.wd1.myworkdayjobs.com/wday/cxs/abinbev/EUR/jobs,FULL,collect_workday,,True,Enumerate all pages against reported total; reconcile unique requisitions before declaring VERIFIED.,True,True,VERIFIED,119,6,"EUR is the official European board, including Italian and London roles. Global/regional boards outside EUR are not included; observed European inventory was fully count-reconciled."
Alfasigma,Alfasigma,JW4,new,HIGH,https://www.alfasigma.com/careers/,SAP SuccessFactors,,https://jobs.alfasigma.com/search/,,FULL,collect_successfactors,,True,Enumerate all pages against reported total; reconcile unique requisitions before declaring VERIFIED.,True,True,VERIFIED,74,6,Corporate careers page may return HTTP 403 to requests; official jobs board is reachable and count-reconciled. No fabricated API; standard jobs2web HTML pagination.
Ariston Group,Ariston Group,JW3,new,HIGH,https://www.aristongroup.com/it/persone,SAP SuccessFactors,,https://careers.aristongroup.com/search/,,FULL,collect_successfactors,,True,Enumerate all pages against reported total; reconcile unique requisitions before declaring VERIFIED.,True,True,VERIFIED,167,7,"Official careers link and rendered RM search validated. Industrial thermal-comfort manufacturer, so JW3."
Benetton Group,Benetton Group,JW4,new,HIGH,https://www.benettongroup.com/en/work-with-us/,Custom official careers,,https://www.benettongroup.com/en/work-with-us/career-opportunities/,,PARTIAL,probe_official_inventory,,False,"No supported, independently reconciled full-inventory pagination contract verified.",False,False,PARTIAL,,0,"Official career-opportunities page is reachable, but no independent count/feed or ATS vendor contract verified."
BMW Group Italia,BMW Group Italia,JW3,new,HIGH,https://www.bmwgroup.jobs/content/grpw/websites/bmwgroup_jobs/it/en.html,Custom BMW Job Finder; recruiting backend unresolved,,https://www.bmwgroup.jobs/content/grpw/websites/bmwgroup_jobs/it/en.html,,PARTIAL,probe_official_inventory,,True,"No supported, independently reconciled full-inventory pagination contract verified.",True,False,PARTIAL,,0,"Official Job Finder verified with web browsing: Italy, Rome and San Donato Milanese facets and global count. Python requests times out; no public backend/feed verified. Industrial automotive group, JW3; city matching stays unchanged."
BNP Paribas,BNP Paribas,JW1,existing,HIGH,https://www.bnpparibas.it/it/lavora-con-noi/offerte-di-lavoro/,Custom BNP Paribas group career platform,,https://group.bnpparibas/en/careers/all-job-offers/italy,,PARTIAL,probe_official_inventory,,True,numbered pages; country/entity/function/location filters,True,False,PARTIAL,,0,Local Italy and global group portals can show different counts/scopes; the group inventory is preferred for completeness. 2026-10-06: current choose(row) uses the official-site probe; automated full enumeration is not certified even when the manual portal shows a count or search filters.
Bolton Group,Bolton Group,JW4,existing,HIGH,https://jobs.boltongroup.net/,SAP SuccessFactors,,https://jobs.boltongroup.net/search/,,FULL,collect_successfactors,,True,page-number / offset pagination on SuccessFactors Recruiting Marketing,True,True,VERIFIED,57,12,No separate public unauthenticated API/feed was verified during this mapping.
Cisco Italia,Cisco,JW2,existing,HIGH,https://careers.cisco.com/global/en,Workday,cisco,https://cisco.wd5.myworkdayjobs.com/Cisco_Careers,https://cisco.wd5.myworkdayjobs.com/wday/cxs/cisco/Cisco_Careers/jobs,FULL,collect_workday,,True,Workday CXS limit/offset; exact total reconciliation required,True,True,VERIFIED,1366,25,"The new Phenom search is client-rendered and does not consistently expose a complete total to the crawler. The database career URL points to the legacy jobs.cisco.com host, which now redirects to careers.cisco.com. 2026-10-06: Workday CXS verified 1,366 jobs and 25 target-city jobs. The Phenom frontend is a discovery entry, not the active collector inventory."
Deloitte,Deloitte / Monitor Deloitte,JW2,existing,HIGH,https://www.deloitte.com/it/it/careers.html,Avature,deloittecm,https://deloittecm.avature.net/en_US/careers/SearchJobs/,,PARTIAL,probe_official_inventory,,True,"Avature search pages/filters, but the inventory returned HTTP 406 to this crawler",False,False,PARTIAL,,0,"The Avature inventory returned HTTP 406 to the available crawler, preventing a complete enumeration. Deloitte career inventories are segmented by member firm/country; the Italy inventory does not prove London coverage. 2026-10-06: current choose(row) uses the official-site probe; automated full enumeration is not certified even when the manual portal shows a count or search filters."
Dr.Feel,Dr.Feel,JW4,new,HIGH,https://drfeel.com/,Custom official site; recruiting backend unresolved,,https://drfeel.com/,,PARTIAL,probe_official_inventory,,False,"No supported, independently reconciled full-inventory pagination contract verified.",False,False,PARTIAL,,0,Official virtual healthcare-service site/navigation and sitemap expose no public corporate-careers inventory. Clinical specialist hiring on external channels is not used as source of truth. JW4 healthcare; site probe only.
Ermenegildo Zegna Group,Ermenegildo Zegna,JW4,existing,HIGH,https://careers.zegnagroup.com/,Custom Zegna Group careers platform; application ATS not conclusively identified,,https://careers.zegnagroup.com/?cngLanguage=ENG,,PARTIAL,probe_official_inventory,,True,numbered pages; current inventory exposes multiple pages,True,False,PARTIAL,,0,"The application backend/vendor is not fully exposed; completeness is established from the official inventory itself, not from an ATS API. No separate public unauthenticated API/feed was verified during this mapping. 2026-10-06: current choose(row) uses the official-site probe; automated full enumeration is not certified even when the manual portal shows a count or search filters."
Esselunga,Esselunga,JW4,new,HIGH,https://www.esselunga.it/it-it/homepage.html,SAP SuccessFactors,,https://esselungajob.it/search/,,FULL,collect_successfactors,,True,Enumerate all pages against reported total; reconcile unique requisitions before declaring VERIFIED.,True,True,VERIFIED,36,0,"Official corporate site links Esselunga Job. Count reconciled; many roles are labelled Pioltello, Cernusco or regional territories and do not match current exact Milan/Rome/London filters. Filters are preserved; zero target results is not global absence."
Etro,Etro,JW4,new,HIGH,https://etro.careers.adp.com/,ADP Recruiting,etro,https://etro.careers.adp.com/vacancies,,PARTIAL,probe_official_inventory,,False,"No supported, independently reconciled full-inventory pagination contract verified.",False,False,PARTIAL,,0,LUISS directly links employer-branded ADP portal; View all jobs leads to /vacancies. Existing collector has no ADP enumerator; no complete pagination/count/API certification.
Fibercop,Fibercop,JW3,new,HIGH,https://www.fibercop.com/lavora-con-noi/opportunita-di-lavoro/,Custom official recruiting portal,,https://recruiting.fibercop.com/,,PARTIAL,probe_official_inventory,,False,"No supported, independently reconciled full-inventory pagination contract verified.",False,False,PARTIAL,,0,"Official opportunities page links recruiting.fibercop.com for open jobs and profiles. Backend vendor/API not verified; dynamic/session portal has no supported enumeration. Independent fiber infrastructure, not assumed to share TIM ATS."
Giorgio Armani,Giorgio Armani,JW4,existing,HIGH,https://career5.successfactors.eu/career?company=3397177P,SAP SuccessFactors legacy portal embedded in official careers,3397177P,https://career5.successfactors.eu/career?company=3397177P,,PARTIAL,probe_official_inventory,,False,Legacy SuccessFactors career portal; no supported counted RM pagination contract verified.,False,False,PARTIAL,,0,The official careers portal was not reliably accessible/enumerable with current web tooling (timeouts/dynamic access). No public unauthenticated API/feed was verified. 2026-10-06: careers.giorgioarmani.com fails DNS resolution. Official armani.com footer directly links career5.successfactors.eu/career?company=3397177P. Legacy career portal is not a supported jobs2web RM search; PARTIAL official probe. 2026-10-06: current choose(row) uses the official-site probe; automated full enumeration is not certified even when the manual portal shows a count or search filters.
Grant Thornton,Grant Thornton,JW2,new,HIGH,https://www.grantthornton.it/,Custom official member-firm careers,,https://www.bgt-grantthornton.it/careers-bgt/posizioni-aperte/,,PARTIAL,probe_official_inventory,,False,"No supported, independently reconciled full-inventory pagination contract verified.",False,False,PARTIAL,,0,"Official Italian network identifies Bernoni and Ria member firms; Bernoni paginated positions chosen for business advisory. Ria separate inventory https://www.ria-grantthornton.it/careers/posizioni-aperte/ remains an official fallback, not assumed shared ATS. PARTIAL network coverage."
Gruppo AXA Italia,AXA,JW1,existing,HIGH,https://jobs.axa.com/careers-home/,iCIMS / Jibe public AXA careers search,careers-en-axa,https://jobs.axa.com/jobs,https://jobs.axa.com/api/jobs,FULL,collect_axa,,True,Enumerate unfiltered global page/limit response and reconcile unique IDs against totalCount and the sum of languageCounts; count is the English facet only.,True,True,VERIFIED,1550,41,"Public /api/jobs evidenced in official AXA frontend. Unfiltered pages include all languages: totalCount=1550 reconciles languageCounts and unique IDs; count=889 is the English facet only. VERIFIED certifies this official board, not all subsidiary recruiting channels."
Gruppo Lactalis Italia,Gruppo Lactalis Italia,JW4,new,HIGH,https://www.lactalisvaloreitalia.it/lavora-con-noi,Altamira Recruiting,jobs.lactalisvaloreitalia.it,https://jobs.lactalisvaloreitalia.it/,,PARTIAL,collect_rendered,,False,"No supported, independently reconciled full-inventory pagination contract verified.",False,False,PARTIAL,10,2,Corporate site links this official board. HTML exposes Altamira CSS/scripts and ASP.NET postbacks; job URLs /jobs/<slug>-<id>.htm. No supported Altamira enumerator or safely reconcilable full paging/feed. 2026-10-06: supported rendered collector extracts observed vacancies; PARTIAL cannot certify absence. No job location inferred from descriptions or corporate footer addresses. Representative vacancy detail returned HTTP 403 although official inventory exposes metadata. PARTIAL collection does not certify full JD access or semantic review.
Hitachi Rail,Hitachi Rail,JW3,new,HIGH,https://www.hitachirail.com/careers/,Custom official Hitachi Rail careers; backend unresolved,,https://www.hitachirail.com/careers/vacancies/,,PARTIAL,probe_official_inventory,,False,"No supported, independently reconciled full-inventory pagination contract verified.",False,False,PARTIAL,,0,"Official Vacancies page links careers.hitachi.com/search/hitachi-rail/jobs, but the linked board returns HTTP 404. Retain reachable Rail entry as PARTIAL. Hitachi Energy already has its own entity-scoped listing; do not add a duplicate unfiltered Hitachi group collector."
Hugo Boss,Hugo Boss,JW4,new,HIGH,https://careers.hugoboss.com/global/en,Phenom CareerConnect,HUBOGLOBAL,https://careers.hugoboss.com/global/en,https://careers.hugoboss.com/widgets,FULL,collect_phenom,,True,Enumerate all pages against reported total; reconcile unique requisitions before declaring VERIFIED.,True,True,VERIFIED,646,6,"Phenom phApp exposes HUBOGLOBAL, en_global and global. Existing widgets adapter exhausted the counted inventory. Application backend has not been separately confirmed."
Intesa Sanpaolo,Intesa Sanpaolo,JW1,existing,HIGH,https://jobs.intesasanpaolo.com/,SAP SuccessFactors Recruiting,Intesa Sanpaolo careers,https://jobs.intesasanpaolo.com/viewalljobs/?locale=it_IT,,FULL,collect_successfactors,,True,numbered SuccessFactors pages / all-jobs view,True,True,VERIFIED,322,84,
KIKO Milano,KIKO Milano,JW4,new,HIGH,https://www.kikocosmetics.com/fr-fr/a-propos-de-kiko/rejoindre-kiko/,Softgarden,kiko,https://kiko.softgarden.io/it/vacancies,,PARTIAL,probe_official_inventory,,False,"No supported, independently reconciled full-inventory pagination contract verified.",True,False,PARTIAL,,0,Employer-branded Softgarden board is reachable and identifies KIKO. Corporate Join KIKO currently links LinkedIn; no proof Softgarden covers all Italian corporate roles. Multiple recruiting surfaces; keep PARTIAL and do not use LinkedIn as inventory. Location UI/labels are not a certified automated target-city filter; official probe collects no normalized jobs. PARTIAL never proves absence in Milan/Rome/London.
KPMG,KPMG,JW2,existing,HIGH,https://careers.kpmg.it/,SAP SuccessFactors Recruiting Marketing,,https://careers.kpmg.it/search/,,FULL,collect_successfactors,,True,Numbered pages with explicit result range and total; enumerate every page,True,True,VERIFIED,217,136,The Italian inventory is separate from the UK member-firm portal.
Lechler,Lechler,JW3,new,HIGH,https://www.lechler.eu/en,In-recruiting / Intervieweb,lechler,https://zinrec.intervieweb.it/lechler/en/career,,PARTIAL,collect_rendered,,False,"No supported, independently reconciled full-inventory pagination contract verified.",False,False,PARTIAL,2,0,"Official Work in Lechler link reaches zinrec.intervieweb.it/lechler; powered by In-recruiting and /lechler/jobs/<slug>-<id>/en/. No supported counted enumerator/API. Industrial coatings business, JW3. 2026-10-06: supported rendered collector extracts observed vacancies; PARTIAL cannot certify absence. No job location inferred from descriptions or corporate footer addresses."
Lutech Group,Lutech Group,JW2,new,HIGH,https://lutech.group/it/careers,Custom official careers,,https://lutech.group/it/careers/search,,PARTIAL,collect_rendered,,False,"No supported, independently reconciled full-inventory pagination contract verified.",False,False,PARTIAL,62,30,Rendered search links /content/lutech-site/it/careers/search/details?slug=<slug>-<id>. Backend ATS/feed and full pagination contract unresolved; do not infer Salesforce ATS from consulting-service navigation. 2026-10-06: supported rendered collector extracts observed vacancies; PARTIAL cannot certify absence. No job location inferred from descriptions or corporate footer addresses.
MAIRE,Maire,JW3,existing,HIGH,https://www.groupmaire.com/en/people/careers/,Custom official careers; recruiting backend unresolved,,https://www.groupmaire.com/en/people/careers/,,PARTIAL,probe_official_inventory,,False,dynamic,False,False,PARTIAL,,0,ATS family and exhaustive pagination could not be verified. 2026-10-06: careers.mairetecnimont.com fails DNS resolution. The reachable official MAIRE careers entry is used as PARTIAL probe; no ATS/API invented. 2026-10-06: current choose(row) uses the official-site probe; automated full enumeration is not certified even when the manual portal shows a count or search filters.
Max Mara Fashion Group,Max Mara Fashion Group,JW4,new,HIGH,https://www.maxmarafashiongroup.com/join-us,SmartRecruiters,MaxMaraFashionGroup,https://jobs.smartrecruiters.com/MaxMaraFashionGroup,https://api.smartrecruiters.com/v1/companies/MaxMaraFashionGroup/postings,FULL,collect_smartrecruiters,,True,Enumerate all pages against reported total; reconcile unique requisitions before declaring VERIFIED.,True,True,VERIFIED,194,57,"Official spontaneous-application link exposes exact MaxMaraFashionGroup tenant. Public API counted 194 vacancies, fully enumerated. Group collection avoids duplicate brand collectors."
NTT DATA,NTT DATA,JW2,new,HIGH,https://it.nttdata.com/career,Custom official careers / Salesforce Experience frontend,careers.emeal.nttdata.com,https://it.nttdata.com/career/posizioni-aperte,,PARTIAL,probe_official_inventory,,False,"No supported, independently reconciled full-inventory pagination contract verified.",False,False,PARTIAL,,0,"Official Italian list includes /jobs/a1j... details and links careers.emeal.nttdata.com/s/offer/a1J... for applications. Salesforce-style public frontend observed, recruiting product/unauthenticated inventory API unverified. No complete count/pagination contract. Location UI/labels are not a certified automated target-city filter; official probe collects no normalized jobs. PARTIAL never proves absence in Milan/Rome/London."
Pirelli,Pirelli,JW4,existing,HIGH,https://jobs.pirelli.com/,SAP SuccessFactors,,https://jobs.pirelli.com/search/,,PARTIAL,collect_successfactors,,True,page-number / offset pagination on SuccessFactors Recruiting Marketing,False,False,PARTIAL,,0,"No separate public unauthenticated API/feed was verified during this mapping. 2026-10-06: supported SuccessFactors adapter attempted /search/ but found no reconcilable total; result PARTIAL, zero validated observed jobs. Do not certify absence or full inventory."
PwC,PwC / Strategy&,JW2,existing,HIGH,https://jobs-it.pwc.com/it/en,Phenom CareerConnect,PWAPIUIT,https://jobs-it.pwc.com/it/en/search-results,https://jobs-it.pwc.com/widgets,FULL,collect_phenom,,True,Exhaust public refineSearch pages and reconcile unique requisitions with totalHits.,True,True,VERIFIED,346,264,"Do not infer a Workday tenant solely from job identifiers; the current front-end is Phenom. 2026-10-06: official Phenom phApp identifies PWAPIUIT / en_it / it, baseUrl /it/en/. Widgets inventory and the unchanged local city matcher were verified; application backend is separate from the recruiting frontend. This is the Italy member-firm inventory; full enumeration of this board does not establish London/UK coverage."
Snam,Snam,JW3,existing,HIGH,https://snam.wd103.myworkdayjobs.com/Carriere,Workday,snam / wd103,https://snam.wd103.myworkdayjobs.com/Carriere,https://snam.wd103.myworkdayjobs.com/wday/cxs/snam/Carriere/jobs,FULL,collect_workday,,True,Workday paginated search,True,True,VERIFIED,64,27,Public Workday candidate experience is JavaScript-heavy but structurally complete.
TikTok,TikTok,JW2,existing,HIGH,https://lifeattiktok.com/,TikTok LifeAtTikTok custom careers platform,,https://lifeattiktok.com/search?recruitment_id_list=&job_category_id_list=&subject_id_list=&location_code_list=&keyword=&limit=12&offset=0,https://api.lifeattiktok.com/api/v1/public/supplier/search/job/posts,FULL,collect_tiktok,,True,POST public supplier search with limit/offset; reconcile stable count and unique job IDs.,True,True,VERIFIED,4287,322,"Public search payload/headers evidenced in official lifeattiktok.com frontend assets. A count change, repeated ID or truncated page prevents VERIFIED."
The Estée Lauder Companies,The Estée Lauder Companies,JW4,new,HIGH,https://www.elcompanies.com/en/careers,Custom official careers / Eightfold search frontend,,https://www.elcompanies.com/en/careers/corporate-jobs,,PARTIAL,probe_official_inventory,,False,"No supported, independently reconciled full-inventory pagination contract verified.",False,False,PARTIAL,,0,Official careers search HTML contains search-with-eightfold; no public feed/tenant or supported enumerator verified. Keep one parent collector across brands; corporate listing does not certify all retail/supply-chain/global jobs.
The Level Group,The Level Group,JW2,new,HIGH,https://www.thelevelgroup.com/careers,Custom official careers,,https://www.thelevelgroup.com/careers,,PARTIAL,collect_rendered,,False,"No supported, independently reconciled full-inventory pagination contract verified.",False,False,PARTIAL,19,15,"Official rendered jobs include Business Analyst, digital analytics and /job-description/<id>/<slug>. E-commerce operations/platform partner, so JW2 business-tech. Application backend/count/pagination contract unverified; no speculative Workable/Greenhouse tenant. 2026-10-06: supported rendered collector extracts observed vacancies; PARTIAL cannot certify absence. No job location inferred from descriptions or corporate footer addresses."
"The Westin Palace, Milan",Marriott International,JW4,new,HIGH,https://careers.marriott.com/,Paradox official Marriott careers frontend / Oracle application backend,ejwl / MI_CS_1,https://careers.marriott.com/jobs,,FULL,collect_marriott,"The Westin Palace, Milan → Marriott International",False,"Read official server-rendered state; discover target-city facets, page each exact city and reconcile reported count and unique requisition IDs.",True,True,VERIFIED,358,358,"Public POST /api/get-jobs returns 403; supported collector uses reachable official rendered city pages. VERIFIED certifies exposed target-city inventories, not subsidiary/property completeness. Westin Palace Milan remains a coverage alias, never a label applied to all Marriott roles."
UniCredit,UniCredit,JW1,existing,HIGH,https://www.unicreditgroup.eu/it/careers.html,Custom enterprise career portal; backend ATS unresolved,,https://careers.unicredit.eu/en_GB/jobsuche/SearchJobs/,,PARTIAL,probe_official_inventory,,True,paged search; jobRecordsPerPage parameter observed,False,False,PARTIAL,,0,Direct crawler access can return HTTP 406/session-sensitive behavior. Backend vendor and a stable machine-readable inventory endpoint were not resolved. 2026-10-06: current choose(row) uses the official-site probe; automated full enumeration is not certified even when the manual portal shows a count or search filters.
Bain & Company,Bain & Company,JW2,existing,HIGH,https://www.bain.com/careers/,Avature (white-label Bain career flow),bain,https://www.bain.com/careers/find-a-role/,,PARTIAL,probe_official_inventory,,True,Dynamic/white-label job search; complete page count is not reliably exposed,False,False,PARTIAL,,0,The public role finder is heavily dynamic and the underlying Avature inventory is not exposed as a stable enumerable endpoint to these tools. Do not infer absence of a Milan/Rome/London role from a generic Bain careers page. 2026-10-06: current choose(row) uses the official-site probe; automated full enumeration is not certified even when the manual portal shows a count or search filters.
Boston Consulting Group (BCG),Boston Consulting Group (BCG),JW2,new,HIGH,https://careers.bcg.com/,Phenom CareerConnect,BCG1US,https://careers.bcg.com/global/en/worldwide-jobs/000,https://careers.bcg.com/widgets,FULL,collect_phenom,,True,Enumerate all pages against reported total; reconcile unique requisitions before declaring VERIFIED.,True,True,VERIFIED,891,109,Official LUISS company-visit participant in addition to desk roster. Phenom phApp BCG1US verified; widgets count fully reconciled including BCG entities.
McKinsey & Company,McKinsey & Company,JW2,new,HIGH,https://www.mckinsey.com/careers/search-jobs,Custom official careers; recruiting backend unresolved,,https://www.mckinsey.com/careers/search-jobs,,PARTIAL,probe_official_inventory,,False,"No supported, independently reconciled full-inventory pagination contract verified.",False,False,PARTIAL,,0,Official LUISS company-visit participant in addition to desk roster. Official search page verified via web browsing; Python request timeout/session sensitivity. No public tenant/feed or supported enumerator verified.
